,Unnamed: 0,Product  Name,Rating,Number of rates,Price,Img
3,3,Bretford CR4500 Series Slim Rectangular Table,,,,
6,6,Newell 322,,,,
10,10,Chromcraft Rectangular Conference Tables,,,,
16,16,"Stur-D-Stor Shelving, Vertical 5-Shelf: 72""H x 36""W x 18 1/2""D",Còn hàng,3 đánh giá,"285,53 US$",
17,17,Fellowes Super Stor/Drawer,"Xếp hạng: 4,5",8 đánh giá,"122,50 US$",
20,20,"Wilson Jones Hanging View Binder, White, 1""","Xếp hạng: 4,1",38 đánh giá,"49,99 US$",
22,22,"Acco Six-Outlet Power Strip, 4' Cord Length",,395 đánh giá,"10,00 US$","Acco Six-Outlet Power Strip, 4' Cord Length.png"
25,25,Imation 8GB Mini TravelDrive USB 2.0 Flash Drive,,218 đánh giá,"18,99 US$",Imation 8GB Mini TravelDrive USB 2.0 Flash Drive.png
28,28,"Howard Miller 13-3/4"" Diameter Brushed Chrome Round Wall Clock","Xếp hạng: 4,4",187 đánh giá,"35,00 US$",
30,30,"BOSTON Model 1800 Electric Pencil Sharpeners, Putty/Woodgrain","Xếp hạng: 3,4",42 đánh giá,"44,99 US$",
31,31,"Acco Pressboard Covers with Storage Hooks, 14 7/8"" x 11"", Executive Red","Xếp hạng: 3,8",32 đánh giá,"15,30 US$",
33,33,Easy-staple paper,,3.253 đánh giá,"17,72 US$",Easy-staple paper.png
36,36,"#10-4 1/8"" x 9 1/2"" Premium Diagonal Seam Envelopes",Xếp hạng: 5,1 đánh giá,"33,54 US$",
40,40,Panasonic Kx-TS550,,,,
43,43,"Verbatim 25 GB 6x Blu-ray Single Layer Recordable Disc, 25/Pack","Xếp hạng: 4,6",3 đánh giá,"52,59 US$",
45,45,"Gould Plastics 9-Pocket Panel Bin, 18-3/8w x 5-1/4d x 20-1/2h, Black",,,,
46,46,Imation 8gb Micro Traveldrive Usb 2.0 Flash Drive,,,,
47,47,"LF Elite 3D Dazzle Designer Hard Case Cover, Lf Stylus Pen and Wiper For Apple Iphone 5c Mini Lite",,,,
48,48,"C-Line Peel & Stick Add-On Filing Pockets, 8-3/4 x 5-1/8, 10/Pack","Xếp hạng: 4,4",467 đánh giá,"8,38 US$",
54,54,Home/Office Personal File Carts,"Xếp hạng: 4,7",40 đánh giá,"129,99 US$",
60,60,"Verbatim 25 GB 6x Blu-ray Single Layer Recordable Disc, 3/Pack","Xếp hạng: 4,5",189 đánh giá,"27,00 US$",
61,61,"Acco PRESSTEX Data Binder with Storage Hooks, Dark Blue, 14 7/8"" X 11""","Xếp hạng: 3,8",32 đánh giá,"12,99 US$",
66,66,netTALK DUO VoIP Telephone Service,,,,
69,69,"Telephone Message Books with Fax/Mobile Section, 5 1/2"" x 3 3/16""","Xếp hạng: 4,3",23 đánh giá,"8,88 US$",
71,71,"Tenex Traditional Chairmats for Medium Pile Carpet, Standard Lip, 36"" x 48""","Xếp hạng: 3,3",17 đánh giá,"46,33 US$",
74,74,"6"" Cubicle Wall Clock, Black","Xếp hạng: 4,8",19 đánh giá,"21,99 US$",
75,75,"SimpliFile Personal File, Black Granite, 15w x 6-15/16d x 11-1/4h",,,,
77,77,"1.7 Cubic Foot Compact ""Cube"" Office Refrigerators","Xếp hạng: 4,4",6.256 đánh giá,"151,49 US$",
83,83,Novimex Swivel Fabric Task Chair,,12 đánh giá,"62,99 US$",Novimex Swivel Fabric Task Chair.png
86,86,Eldon Portable Mobile Manager,"Xếp hạng: 4,7",947 đánh giá,"41,48 US$",
87,87,Turquoise Lead Holder with Pocket Clip,,,,
89,89,Xerox 1999,,3 đánh giá,"25,71 US$",Xerox 1999.png
90,90,"Seth Thomas 13 1/2"" Wall Clock",Sản phẩm,5 đánh giá,"25,01 US$",
93,93,9-3/4 Diameter Round Wall Clock,Xếp hạng: 5,1 đánh giá,"15,35 US$",
95,95,Fellowes Basic Home/Office Series Surge Protectors,,9 đánh giá,"22,00 US$",
99,99,Universal Premium White Copier/Laser Paper (20Lb. and 87 Bright),"Xếp hạng: 4,6",11 đánh giá,"85,06 US$",
102,102,"Avery Trapezoid Ring Binder, 3"" Capacity, Black, 1040 sheets","Xếp hạng: 4,7",4 đánh giá,"8,16 US$",
103,103,Memorex Mini Travel Drive 8 GB USB 2.0 Flash Drive,,3 đánh giá,"49,99 US$",Memorex Mini Travel Drive 8 GB USB 2.0 Flash Drive.png
109,109,"Avery Durable Plastic 1"" Binders","Xếp hạng: 4,7",20.206 đánh giá,"8,09 US$",
111,111,"Redi-Strip #10 Envelopes, 4 1/8 x 9 1/2","Xếp hạng: 4,8",27.401 đánh giá,"8,55 US$",
115,115,GBC DocuBind 300 Electric Binding Machine,,2 đánh giá,"1.118,00 US$",GBC DocuBind 300 Electric Binding Machine.png
117,117,"Companion Letter/Legal File, Black","Xếp hạng: 4,3",198 đánh giá,"49,07 US$",
119,119,KLD Oscar II Style Snap-on Ultra Thin Side Flip Synthetic Leather Cover Case for HTC One HTC M7,,,,
124,124,Eldon Cleatmat Plus Chair Mats for High Pile Carpets,,700 đánh giá,"57,95 US$",Eldon Cleatmat Plus Chair Mats for High Pile Carpets.png
130,130,"Sanford Colorific Colored Pencils, 12/Box",Xếp hạng: 5,10 đánh giá,"8,50 US$",
136,136,Xerox 1911,,,,
137,137,Sanyo 2.5 Cubic Foot Mid-Size Office Refrigerators,,,,
138,138,"Seth Thomas 14"" Putty-Colored Wall Clock",Xem tất cả,1 đánh giá,"49,99 US$",
146,146,"Tenex Personal Project File with Scoop Front Design, Black",,,,
153,153,Wilson Jones International Size A4 Ring Binders,,,,
160,160,JBL Micro Wireless Portable Bluetooth Speaker,,,,
161,161,"Adams Phone Message Book, Professional, 400 Message Capacity, 5 3/6” x 11”","Xếp hạng: 4,7",202 đánh giá,"8,96 US$",
162,162,Xerox 1913,,,,
166,166,"Acco 7-Outlet Masterpiece Power Center, Wihtout Fax/Phone Line Protection","Xếp hạng: 4,1",13 đánh giá,"36,15 US$",
167,167,"Padded Folding Chairs, Black, 4/Carton","Xếp hạng: 4,7",55 đánh giá,"134,89 US$",
168,168,Acme Rosewood Handle Letter Opener,,,,
171,171,Imation Secure+ Hardware Encrypted USB 2.0 Flash Drive; 16GB,,4 đánh giá,"28,98 US$",Imation Secure+ Hardware Encrypted USB 2.0 Flash Drive; 16GB.png
174,174,HP Standard 104 key PS/2 Keyboard,"Xếp hạng: 4,3",195 đánh giá,"38,68 US$",
177,177,"Personal Filing Tote with Lid, Black/Gray","Xếp hạng: 4,1",501 đánh giá,"27,18 US$",
179,179,I Need's 3d Hello Kitty Hybrid Silicone Case Cover for HTC One X 4g with 3d Hello Kitty Stylus Pen Green/pink,,,,
183,183,"Binney & Smith inkTank Erasable Desk Highlighter, Chisel Tip, Yellow, 12/Box",Còn hàng,4.627 đánh giá,"6,31 US$",
185,185,"Pressboard Covers with Storage Hooks, 9 1/2"" x 11"", Light Blue",Xếp hạng: 4,22 đánh giá,"10,87 US$",
186,186,"Wirebound Message Books, 5-1/2 x 4 Forms, 2 or 4 Forms per Page",Xếp hạng: 1,1 đánh giá,"10,76 US$",
191,191,"Eldon 200 Class Desk Accessories, Burgundy",,,,
196,196,"Gould Plastics 18-Pocket Panel Bin, 34w x 5-1/4d x 20-1/2h",,,,
197,197,Memorex Micro Travel Drive 8 GB,,,,
199,199,O'Sullivan 2-Door Barrister Bookcase in Odessa Pine,,,,
204,204,"While You Were Out Pads, 50 per Pad, 4 x 5 1/4, Green Cycle","Xếp hạng: 4,7",280 đánh giá,"11,59 US$",
205,205,"Executive Impressions 14"" Two-Color Numerals Wall Clock",Còn hàng,5.143 đánh giá,"27,77 US$",
206,206,Swingline SM12-08 MicroCut Jam Free Shredder,,,,
213,213,GBC Instant Index System for Binding Systems,,13 đánh giá,"29,99 US$",GBC Instant Index System for Binding Systems.png
216,216,"Tenex Contemporary Contur Chairmats for Low and Medium Pile Carpet, Computer, 39"" x 49""","Xếp hạng: 4,3",66 đánh giá,"113,50 US$",
226,226,"Adams Telephone Message Book w/Frequently-Called Numbers Space, 400 Messages per Book","Xếp hạng: 4,7",202 đánh giá,"8,96 US$",
229,229,"Wirebound Message Books, Two 4 1/4"" x 5"" Forms per Page",Xếp hạng: 5,3 đánh giá,"11,25 US$",
232,232,"Belkin 19"" Vented Equipment Shelf, Black",Xếp hạng: 5,1 đánh giá,"294,99 US$",
237,237,Eureka Disposable Bags for Sanitaire Vibra Groomer I Upright Vac,,329 đánh giá,"27,95 US$",Eureka Disposable Bags for Sanitaire Vibra Groomer I Upright Vac.png
241,241,"Quartet Omega Colored Chalk, 12/Pack","Xếp hạng: 4,2",204 đánh giá,"10,00 US$",
245,245,Adjustable Depth Letter/Legal Cart,"Xếp hạng: 3,4",39 đánh giá,"319,29 US$",
249,249,"Ampad Gold Fibre Wirebound Steno Books, 6"" x 9"", Gregg Ruled","Xếp hạng: 4,5",411 đánh giá,"7,26 US$",
251,251,"Post-it “Important Message” Note Pad, Neon Colors, 50 Sheets/Pad","Xếp hạng: 4,5",14 đánh giá,"14,99 US$",
252,252,"Adams Write n' Stick Phone Message Book, 11"" X 5 1/4"", 200 Messages","Xếp hạng: 4,7",1.003 đánh giá,"8,98 US$",
253,253,Eldon Simplefile Box Office,,,,
257,257,"Bevis Round Bullnose 29"" High Table Top","Xếp hạng: 4,2",433 đánh giá,"143,50 US$",
267,267,"Howard Miller 13"" Diameter Goldtone Round Wall Clock",Xếp hạng: 5,1 đánh giá,"1.082,02 US$",
268,268,Global Deluxe Office Fabric Chairs,,6.019 đánh giá,"77,99 US$",Global Deluxe Office Fabric Chairs.png
270,270,Ibico Laser Imprintable Binding System Covers,,,,
271,271,"Vinyl Coated Wire Paper Clips in Organizer Box, 800/Box","Xếp hạng: 4,4",41 đánh giá,"22,49 US$",
273,273,"Tennsco Stur-D-Stor Boltless Shelving, 5 Shelves, 24"" Deep, Sand","Xếp hạng: 4,6",8 đánh giá,"509,17 US$",
280,280,"GBC Clear Cover, 8-1/2 x 11, unpunched, 25 covers per pack","Xếp hạng: 4,7",13 đánh giá,"29,99 US$",
284,284,Hon 4070 Series Pagoda Armless Upholstered Stacking Chairs,,,,
292,292,Canon imageCLASS MF7460 Monochrome Digital Laser Multifunction Copier,,99 đánh giá,"309,00 US$",Canon imageCLASS MF7460 Monochrome Digital Laser Multifunction Copier.png
299,299,Hon 2090 “Pillow Soft” Series Mid Back Swivel/Tilt Chairs,Xếp hạng: 5,2 đánh giá,"555,74 US$",
305,305,Storex Dura Pro Binders,,,,
309,309,Hon 5100 Series Wood Tables,,,,
310,310,"OIC Binder Clips, Mini, 1/4"" Capacity, Black","Xếp hạng: 4,7",431 đánh giá,"7,39 US$",
312,312,"Square Credit Card Reader, 4 1/2"" x 4 1/2"" x 1"", White","Xếp hạng: 4,7",15.263 đánh giá,"58,99 US$",
316,316,GBC DocuBind P400 Electric Binding System,,,,
318,318,"#10 Gummed Flap White Envelopes, 100/Box","Xếp hạng: 4,8",14 đánh giá,"8,44 US$",
320,320,"Adams Phone Message Book, 200 Message Capacity, 8 1/16” x 11”","Xếp hạng: 4,3",48 đánh giá,"12,40 US$",
321,321,Belkin 8 Outlet SurgeMaster II Gold Surge Protector with Phone Protection,,74 đánh giá,"27,99 US$",Belkin 8 Outlet SurgeMaster II Gold Surge Protector with Phone Protection.png
322,322,"Avery Address/Shipping Labels for Typewriters, 4"" x 2""","Xếp hạng: 4,8",312 đánh giá,"22,95 US$",
334,334,Xerox 1960,,24 đánh giá,"19,90 US$",Xerox 1960.png
335,335,"Office Impressions End Table, 20-1/2""H x 24""W x 20""D",Còn hàng,142 đánh giá,"48,99 US$",
338,338,"GBC Twin Loop Wire Binding Elements, 9/16"" Spine, Black","Xếp hạng: 4,5",28 đánh giá,"33,66 US$",
340,340,"Square Ring Data Binders, Rigid 75 Pt. Covers, 11"" x 14-7/8""","Xếp hạng: 4,1",2 đánh giá,"15,92 US$",
341,341,Sony 32GB Class 10 Micro SDHC R40 Memory Card,,269 đánh giá,"116,22 US$",Sony 32GB Class 10 Micro SDHC R40 Memory Card.png
342,342,"Hon Practical Foundations 30 x 60 Training Table, Light Gray/Charcoal","Xếp hạng: 4,3",52 đánh giá,"434,63 US$",
345,345,3M Hangers With Command Adhesive,,2 đánh giá,"7,81 US$",3M Hangers With Command Adhesive.png
349,349,Canon PC1080F Personal Copier,,,,
353,353,Xerox 1958,,5 đánh giá,"2.400,00 US$",Xerox 1958.png
354,354,"Acme 10"" Easy Grip Assistive Scissors",,,,
356,356,"Contico 72""H Heavy-Duty Storage System","Xếp hạng: 4,3",206 đánh giá,"106,97 US$",
357,357,Sony 64GB Class 10 Micro SDHC R40 Memory Card,,,,
359,359,"Avery Hi-Liter EverBold Pen Style Fluorescent Highlighters, 4/Pack","Xếp hạng: 4,7",9.885 đánh giá,"5,49 US$",
360,360,Staple holder,,40.544 đánh giá,"9,97 US$",Staple holder.png
361,361,Sharp AL-1530CS Digital Copier,,,,
364,364,"Wirebound Service Call Books, 5 1/2"" x 4""",Xếp hạng: 5,3 đánh giá,"11,25 US$",
370,370,Bevis Steel Folding Chairs,,,,
372,372,American Pencil,,86.366 đánh giá,"4,95 US$",American Pencil.png
388,388,Xerox 1897,,,,
391,391,Fellowes Bankers Box Staxonsteel Drawer File/Stacking System,"Xếp hạng: 3,5",16 đánh giá,"235,10 US$",
392,392,Eldon Mobile Mega Data Cart  Mega Stackable  Add-On Trays,Xếp hạng: 5,1 đánh giá,"61,99 US$",
393,393,"Xerox Color Copier Paper, 11"" x 17"", Ream","Xếp hạng: 4,6",241 đánh giá,"8,49 US$",
398,398,Fellowes Bankers Box Recycled Super Stor/Drawer,"Xếp hạng: 4,3",9 đánh giá,"134,23 US$",
402,402,Belkin Grip Candy Sheer Case / Cover for iPhone 5 and 5S,"Xếp hạng: 4,4",585 đánh giá,"17,91 US$",
404,404,Memorex Mini Travel Drive 16 GB USB 2.0 Flash Drive,,,,
408,408,3M Office Air Cleaner,,137 đánh giá,"24,17 US$",3M Office Air Cleaner.png
410,410,Acco D-Ring Binder w/DublLock,Xếp hạng: 4,85 đánh giá,"32,00 US$",
412,412,Poly Designer Cover & Back,,,,
417,417,"Eaton Premium Continuous-Feed Paper, 25% Cotton, Letter Size, White, 1000 Shts/Box",,10 đánh giá,"28,44 US$",
422,422,"Recycled Desk Saver Line ""While You Were Out"" Book, 5 1/2"" X 4""",Sản phẩm,280 đánh giá,"11,59 US$",
426,426,"Fellowes Strictly Business Drawer File, Letter/Legal Size","Xếp hạng: 4,8",628 đánh giá,"12,29 US$",
427,427,Imation USB 2.0 Swivel Flash Drive USB flash drive - 4 GB - Pink,,37 đánh giá,"6,99 US$",Imation USB 2.0 Swivel Flash Drive USB flash drive - 4 GB - Pink.png
432,432,Apple iPhone 5S,,,,
437,437,Sony Micro Vault Click 8 GB USB 2.0 Flash Drive,,,,
441,441,"Howard Miller 14-1/2"" Diameter Chrome Round Wall Clock",Sản phẩm,2 đánh giá,"194,92 US$",
443,443,Vinyl Sectional Post Binders,,,,
447,447,"White Dual Perf Computer Printout Paper, 2700 Sheets, 1 Part, Heavyweight, 20 lbs., 14 7/8 x 11","Xếp hạng: 4,2",34 đánh giá,"94,42 US$",
454,454,Newell 317,,,,
458,458,Tennsco Single-Tier Lockers,,,,
461,461,Motorola HK250 Universal Bluetooth Headset,,,,
463,463,Global Commerce Series High-Back Swivel/Tilt Chairs,Còn hàng,28 đánh giá,"183,99 US$",
467,467,Safco Contoured Stacking Chairs,,,,
473,473,Eureka The Boss Cordless Rechargeable Stick Vac,,9.904 đánh giá,"168,29 US$",Eureka The Boss Cordless Rechargeable Stick Vac.png
474,474,"Situations Contoured Folding Chairs, 4/Set","Xếp hạng: 4,7",16 đánh giá,"207,00 US$",
475,475,Enermax Aurora Lite Keyboard,,,,
476,476,LG Electronics Tone+ HBS-730 Bluetooth Headset,,,,
483,483,HON 5400 Series Task Chairs for Big and Tall,,2.235 đánh giá,"170,98 US$",HON 5400 Series Task Chairs for Big and Tall.png
484,484,"Howard Miller 11-1/2"" Diameter Grantwood Wall Clock","Xếp hạng: 4,5",40 đánh giá,"92,99 US$",
489,489,Bretford “Just In Time” Height-Adjustable Multi-Task Work Tables,,,,
494,494,"Alliance Big Bands Rubber Bands, 12/Pack","Xếp hạng: 4,6",1.985 đánh giá,"5,82 US$",
495,495,Cisco SPA301,,,,
504,504,"Contract Clock, 14"", Brown","Xếp hạng: 3,4",20 đánh giá,"35,00 US$",
508,508,"Dot Matrix Printer Tape Reel Labels, White, 5000/Box","Xếp hạng: 4,7",405 đánh giá,"54,93 US$",
517,517,GE 2-Jack Phone Line Splitter,,227 đánh giá,"11,97 US$",GE 2-Jack Phone Line Splitter.png
521,521,Motorola L804,,,,
533,533,"Mini 13-1/2 Capacity Data Binder Rack, Pearl","Xếp hạng: 4,3",1.918 đánh giá,"499,00 US$",
535,535,Belkin Premiere Surge Master II 8-outlet surge protector,,5.560 đánh giá,"24,99 US$",Belkin Premiere Surge Master II 8-outlet surge protector.png
536,536,"Acco Pressboard Covers with Storage Hooks, 9 1/2"" x 11"", Executive Red","Xếp hạng: 4,2",21 đánh giá,"16,31 US$",
540,540,"Verbatim 25 GB 6x Blu-ray Single Layer Recordable Disc, 1/Pack","Xếp hạng: 4,5",189 đánh giá,"9,26 US$",
543,543,Tripp Lite TLP810NET Broadband Surge for Modem/Fax,"Xếp hạng: 4,8",11.232 đánh giá,"53,92 US$",
553,553,Sony 16GB Class 10 Micro SDHC R40 Memory Card,,,,
561,561,12-1/2 Diameter Round Wall Clock,"Xếp hạng: 4,6",295 đánh giá,"19,53 US$",
567,567,"Verbatim 25 GB 6x Blu-ray Single Layer Recordable Disc, 10/Pack",Còn hàng,170 đánh giá,"30,60 US$",
568,568,"Howard Miller 13-1/2"" Diameter Rosebrook Wall Clock","Xếp hạng: 3,2",2 đánh giá,"24,50 US$",
569,569,Ibico Hi-Tech Manual Binding System,,,,
574,574,"Bush Andora Bookcase, Maple/Graphite Gray Finish","Xếp hạng: 4,5",356 đánh giá,"185,14 US$",
577,577,Imation Bio 8GB USB Flash Drive Imation Corp,,,,
578,578,Xerox 1977,,,,
582,582,GBC Linen Binding Covers,,1 đánh giá,"40,50 US$",GBC Linen Binding Covers.png
583,583,"Tenex ""The Solids"" Textured Chair Mats",,,,
588,588,"#10- 4 1/8"" x 9 1/2"" Security-Tint Envelopes","Xếp hạng: 4,7",8.204 đánh giá,"23,08 US$",
589,589,Bionaire Personal Warm Mist Humidifier/Vaporizer,,7 đánh giá,"123,28 CA$",
592,592,"Howard Miller 13"" Diameter Pewter Finish Round Wall Clock","Xếp hạng: 4,2",155 đánh giá,"61,99 US$",
595,595,"Recycled Data-Pak for Archival Bound Computer Printouts, 12-1/2 x 12-1/2 x 16","Xếp hạng: 4,7",3.094 đánh giá,"11,00 US$",
596,596,"Seth Thomas 16"" Steel Case Clock",Xem tất cả,5 đánh giá,"25,01 US$",
598,598,"Manila Recycled Extra-Heavyweight Clasp Envelopes, 6"" x 9""","Xếp hạng: 4,8",716 đánh giá,"20,99 US$",
603,603,Logitech Illuminated - Keyboard,,19 đánh giá,"398,00 US$",Logitech Illuminated - Keyboard.png
610,610,"Fiskars 8"" Scissors, 2/Pack","Xếp hạng: 4,5",387 đánh giá,"21,98 US$",
615,615,Hewlett Packard 610 Color Digital Copier / Printer,"Xếp hạng: 3,3",305 đánh giá,"478,62 US$",
616,616,Chromcraft Round Conference Tables,,8 đánh giá,"399,70 US$",Chromcraft Round Conference Tables.png
617,617,Avery 476,,,,
621,621,Fellowes Stor/Drawer Steel Plus Storage Drawers,Xếp hạng: 5,1 đánh giá,"194,88 US$",
635,635,"Lifetime Advantage Folding Chairs, 4/Carton","Xếp hạng: 4,8",900 đánh giá,"179,00 US$",
636,636,"Acco PRESSTEX Data Binder with Storage Hooks, Dark Blue, 9 1/2"" X 11""",Xếp hạng: 4,22 đánh giá,"10,87 US$",
640,640,Xerox 1887,,,,
642,642,"Executive Impressions 14"" Contract Wall Clock",Sản phẩm,5.143 đánh giá,"27,77 US$",
644,644,Xerox 218,,355 đánh giá,"1.699,00 US$",Xerox 218.png
656,656,Xerox 1941,,82 đánh giá,"699,00 US$",Xerox 1941.png
658,658,Kingston Digital DataTraveler 32GB USB 2.0,,13.399 đánh giá,"64,99 US$",Kingston Digital DataTraveler 32GB USB 2.0.png
667,667,"Holmes Replacement Filter for HEPA Air Cleaner, Large Room",,882 đánh giá,"6,90 US$","Holmes Replacement Filter for HEPA Air Cleaner, Large Room.png"
668,668,Zebra GX420t Direct Thermal/Thermal Transfer Printer,"Xếp hạng: 3,8",21 đánh giá,"670,00 US$",
670,670,"Adams Telephone Message Books, 5 1/4” x 11”","Xếp hạng: 4,7",807 đánh giá,"12,30 US$",
671,671,Newell 335,,,,
677,677,"Linden 10"" Round Wall Clock, Black",Sản phẩm,25.200 đánh giá,"13,97 US$",
680,680,Xerox 202,,,,
684,684,Deluxe Chalkboard Eraser Cleaner,,,,
689,689,"Howard Miller 11-1/2"" Diameter Ridgewood Wall Clock","Xếp hạng: 3,5",9 đánh giá,"92,99 US$",
696,696,"Acco Pressboard Covers with Storage Hooks, 14 7/8"" x 11"", Light Blue","Xếp hạng: 3,8",32 đánh giá,"15,30 US$",
698,698,Dax Clear Box Frame,,1 đánh giá,"74,99 US$",Dax Clear Box Frame.png
702,702,"Ampad Poly Cover Wirebound Steno Book, 6"" x 9"" Assorted Colors, Gregg Ruled","Xếp hạng: 2,4",11 đánh giá,"13,76 US$",
712,712,Xerox 1931,,357 đánh giá,"777,30 US$",Xerox 1931.png
719,719,"Lesro Sheffield Collection Coffee Table, End Table, Center Table, Corner Table",,,,
721,721,Maxell 4.7GB DVD-R,,5 đánh giá,"42,26 US$",Maxell 4.7GB DVD-R.png
722,722,OtterBox Commuter Series Case - iPhone 5 & 5s,,56 đánh giá,"12,95 US$",OtterBox Commuter Series Case - iPhone 5 & 5s.png
724,724,Xerox 1985,,3 đánh giá,"25,71 US$",Xerox 1985.png
725,725,Hypercom P1300 Pinpad,,,,
727,727,"RSVP Cards & Envelopes, Blank White, 8-1/2"" X 11"", 24 Cards/25 Envelopes/Set",Sản phẩm,283 đánh giá,"23,95 US$",
728,728,"Wirebound Message Books, 2 7/8"" x 5"", 3 Forms per Page",Xếp hạng: 5,3 đánh giá,"11,25 US$",
731,731,Fellowes 8 Outlet Superior Workstation Surge Protector w/o Phone/Fax/Modem Protection,"Xếp hạng: 4,6",545 đánh giá,"20,99 US$",
732,732,"Message Book, Standard Line ""While You Were Out"", 5 1/2"" X 4"", 200 Sets/Book",Sản phẩm,142 đánh giá,"10,34 US$",
733,733,"Acco Pressboard Covers with Storage Hooks, 14 7/8"" x 11"", Dark Blue","Xếp hạng: 3,8",32 đánh giá,"15,30 US$",
735,735,"Avery Trapezoid Extra Heavy Duty 4"" Binders","Xếp hạng: 4,4",183 đánh giá,"18,59 US$",
742,742,"Universal Ultra Bright White Copier/Laser Paper, 8 1/2"" x 11"", Ream",Xếp hạng: 2,2 đánh giá,"82,64 US$",
753,753,"BIC Brite Liner Grip Highlighters, Assorted, 5/Pack","Xếp hạng: 4,8",30.960 đánh giá,"2,19 US$",
755,755,"#10- 4 1/8"" x 9 1/2"" Recycled Envelopes","Xếp hạng: 4,7",261 đánh giá,"13,99 US$",
765,765,Fellowes Super Stor/Drawer Files,"Xếp hạng: 4,5",8 đánh giá,"122,50 US$",
767,767,"Eldon Delta Triangular Chair Mat, 52"" x 58"", Clear",Xếp hạng: 4,193 đánh giá,"56,95 US$",
769,769,Enermax Acrylux Wireless Keyboard,,,,
772,772,Iceberg Mobile Mega Data/Printer Cart,"Xếp hạng: 4,6",53 đánh giá,"32,99 US$",
774,774,Global Comet Stacking Arm Chair,,,,
788,788,Maxell 4.7GB DVD+RW 3/Pack,"Xếp hạng: 4,2",24 đánh giá,"19,99 US$",
790,790,"Quartet Alpha White Chalk, 12/Pack","Xếp hạng: 3,8",123 đánh giá,"5,49 US$",
794,794,"Important Message Pads, 50 4-1/4 x 5-1/2 Forms per Pad",Xếp hạng: 5,1 đánh giá,"13,23 US$",
795,795,"Howard Miller 12"" Round Wall Clock","Xếp hạng: 3,6",2 đánh giá,"194,92 US$",
800,800,"Wilson Jones Ledger-Size, Piano-Hinge Binder, 2"", Blue","Xếp hạng: 4,4",249 đánh giá,"19,49 US$",
802,802,"Super Bands, 12/Pack","Xếp hạng: 4,6",5.946 đánh giá,"184,26 US$",
805,805,"GBC Velobind Prepunched Cover Sets, Regency Series",,,,
806,806,3M Organizer Strips,,34 đánh giá,"32,99 US$",3M Organizer Strips.png
810,810,Belkin 8 Outlet SurgeMaster II Gold Surge Protector,,74 đánh giá,"27,99 US$",Belkin 8 Outlet SurgeMaster II Gold Surge Protector.png
814,814,Ativa V4110MDD Micro-Cut Shredder,,69 đánh giá,"186,99 US$",Ativa V4110MDD Micro-Cut Shredder.png
825,825,Logitech ClearChat Comfort/USB Headset H390,"Xếp hạng: 4,4",54.785 đánh giá,"22,99 US$",
827,827,"Rediform Wirebound ""Phone Memo"" Message Book, 11 x 5-3/4",,,,
833,833,"Bush Saratoga Collection 5-Shelf Bookcase, Hanover Cherry, *Special Order","Xếp hạng: 4,3",295 đánh giá,"172,56 US$",
834,834,"Ampad Evidence Wirebond Steno Books, 6"" x 9""","Xếp hạng: 3,5",13 đánh giá,"44,11 US$",
835,835,Apple iPhone 5C,,,,
841,841,Steel Personal Filing/Posting Tote,"Xếp hạng: 4,6",2.369 đánh giá,"43,29 US$",
844,844,Cardinal Slant-D Ring Binders,,114 đánh giá,"17,57 US$",Cardinal Slant-D Ring Binders.png
850,850,Shocksock Galaxy S4 Armband,,,,
853,853,"Crayola Anti Dust Chalk, 12/Pack",Xếp hạng: 4,420 đánh giá,"7,11 US$",
855,855,"Chromcraft 48"" x 96"" Racetrack Double Pedestal Table",,,,
857,857,PowerGen Dual USB Car Charger,,,,
859,859,"C-Line Cubicle Keepers Polyproplyene Holder w/Velcro Back, 8-1/2x11, 25/Bx","Xếp hạng: 4,1",61 đánh giá,"11,09 US$",
862,862,"Geographics Note Cards, Blank, White, 8 1/2"" x 11""","Xếp hạng: 4,8",4 đánh giá,"11,49 US$",
864,864,"Avery 3 1/2"" Diskette Storage Pages, 10/Pack","Xếp hạng: 4,5",91 đánh giá,"8,91 US$",
866,866,Harbour Creations Steel Folding Chair,,,,
867,867,Wireless Extenders zBoost YX545 SOHO Signal Booster,,,,
871,871,"Carina 42""Hx23 3/4""W Media Storage Unit","Xếp hạng: 4,4",756 đánh giá,"131,33 US$",
872,872,Toshiba IPT2010-SD IP Telephone,,,,
873,873,GuestStacker Chair with Chrome Finish Legs,,,,
874,874,Xerox 1924,,357 đánh giá,"777,30 US$",Xerox 1924.png
878,878,"Sauder Facets Collection Locker/File Cabinet, Sky Alder Finish",Xếp hạng: 4,14 đánh giá,"229,99 US$",
879,879,Newell 315,,,,
882,882,"Eldon Expressions Punched Metal & Wood Desk Accessories, Pewter & Cherry",,,,
887,887,Fellowes Econo/Stor Drawers,"Xếp hạng: 4,5",8 đánh giá,"122,50 US$",
890,890,Canon Imageclass D680 Copier / Fax,Còn hàng,4 đánh giá,"237,23 CA$",
892,892,Eldon Radial Chair Mat for Low to Medium Pile Carpets,,787 đánh giá,"110,58 US$",Eldon Radial Chair Mat for Low to Medium Pile Carpets.png
896,896,GBC DocuBind P100 Manual Binding Machine,,1 đánh giá,"12,99 US$ - 59,99 US$",GBC DocuBind P100 Manual Binding Machine.png
908,908,"XtraLife ClearVue Slant-D Ring Binder, White, 3""","Xếp hạng: 4,2",253 đánh giá,"26,87 US$",
911,911,Fellowes Bankers Box Stor/Drawer Steel Plus,Xếp hạng: 5,1 đánh giá,"194,88 US$",
912,912,"Performers Binder/Pad Holder, Black","Xếp hạng: 3,7",18 đánh giá,"81,00 US$",
916,916,Memorex Froggy Flash Drive 4 GB,,,,
917,917,"Maxell 74 Minute CD-R Spindle, 50/Pack",Xếp hạng: 4,24 đánh giá,"8,55 US$",
925,925,"ACCOHIDE 3-Ring Binder, Blue, 1""","Xếp hạng: 3,6",62 đánh giá,"11,98 US$",
934,934,"Eureka Recycled Copy Paper 8 1/2"" x 11"", Ream","Xếp hạng: 4,7",1.056 đánh giá,"13,26 US$",
935,935,"Seth Thomas 12"" Clock w/ Goldtone Case",,,,
945,945,"Rediform S.O.S. 1-Up Phone Message Bk, 4-1/4x3-1/16 Bk, 1 Form/Pg, 40 Messages/Bk, 3/Pk",,,,
949,949,"Memo Book, 100 Message Capacity, 5 3/8” x 11”","Xếp hạng: 4,6",30 đánh giá,"13,16 US$",
956,956,"It's Hot Message Books with Stickers, 2 3/4"" x 5""","Xếp hạng: 4,6",41 đánh giá,"16,79 US$",
959,959,Case Logic 2.4GHz Wireless Keyboard,,,,
961,961,"Pressboard Data Binder, Crimson, 12"" X 8 1/2""",Xếp hạng: 5,2 đánh giá,"11,99 US$",
967,967,"Safco Wire Cube Shelving System, For Use as 4 or 5 14"" Cubes, Black","Xếp hạng: 4,2",168 đánh giá,"93,95 AU$",
972,972,Hon 61000 Series Interactive Training Tables,,,,
973,973,"Acco PRESSTEX Data Binder with Storage Hooks, Light Blue, 9 1/2"" X 11""","Xếp hạng: 4,1",2 đánh giá,"14,04 US$",
975,975,"Bush Andora Conference Table, Maple/Graphite Gray Finish","Xếp hạng: 4,7",5 đánh giá,"774,84 US$",
983,983,3M Replacement Filter for Office Air Cleaner for 20' x 33' Room,,1.600 đánh giá,"40,09 US$",3M Replacement Filter for Office Air Cleaner for 20' x 33' Room.png
985,985,"Acco Four Pocket Poly Ring Binder with Label Holder, Smoke, 1""","Xếp hạng: 4,2",4 đánh giá,"15,92 US$",
990,990,Storex Dura Pro Binders,,,,
991,991,Xerox 1948,,277 đánh giá,"549,99 US$",Xerox 1948.png
997,997,Surelock Post Binders,,,,
1000,1000,"Iceberg OfficeWorks 42"" Round Tables","Xếp hạng: 4,2",23 đánh giá,"218,87 US$",
1003,1003,Global Executive Mid-Back Manager's Chair,,6 đánh giá,"194,99 US$",Global Executive Mid-Back Manager's Chair.png
1005,1005,Newell 320,,,,
1017,1017,"Adams Telephone Message Book W/Dividers/Space For Phone Numbers, 5 1/4""X8 1/2"", 300/Messages","Xếp hạng: 4,7",979 đánh giá,"9,49 US$",
1026,1026,12 Colored Short Pencils,,241 đánh giá,"5,66 US$",12 Colored Short Pencils.png
1028,1028,Rubber Band Ball,,2.342 đánh giá,"10,49 US$",Rubber Band Ball.png
1036,1036,"Tenex Personal Self-Stacking Standard File Box, Black/Gray","Xếp hạng: 4,6",5 đánh giá,"39,41 US$",
1043,1043,Sensible Storage WireTech Storage Systems,,,,
1044,1044,Kingston Digital DataTraveler 16GB USB 2.0,,,,
1057,1057,Sauder Inglewood Library Bookcases,,4.891 đánh giá,"43,99 US$",Sauder Inglewood Library Bookcases.png
1060,1060,"Tenex 46"" x 60"" Computer Anti-Static Chairmat, Rectangular Shaped","Xếp hạng: 4,3",7.755 đánh giá,"78,23 US$",
1068,1068,Peel-Off China Markers,,7 đánh giá,"12,29 US$",Peel-Off China Markers.png
1070,1070,"Wirebound Message Books, Four 2 3/4 x 5 White Forms per Page",Xếp hạng: 5,1 đánh giá,"16,66 US$",
1071,1071,"GE 48"" Fluorescent Tube, Cool White Energy Saver, 34 Watts, 30/Box","Xếp hạng: 4,5",2 đánh giá,"99,65 US$",
1076,1076,Weyerhaeuser First Choice Laser/Copy Paper (20Lb. and 88 Bright),"Xếp hạng: 3,1",6 đánh giá,"94,95 US$",
1079,1079,"Brites Rubber Bands, 1 1/2 oz. Box","Xếp hạng: 4,2",31 đánh giá,"6,07 US$",
1085,1085,"Wilson Jones 1"" Hanging DublLock Ring Binders",,,,
1089,1089,Logitech G105 Gaming Keyboard,,394 đánh giá,"99,99 US$",Logitech G105 Gaming Keyboard.png
1091,1091,QVS USB Car Charger 2-Port 2.1Amp for iPod/iPhone/iPad/iPad 2/iPad 3,Sản phẩm,667 đánh giá,"10,99 US$",
1093,1093,StarTech.com 10/100 VDSL2 Ethernet Extender Kit,"Xếp hạng: 4,3",115 đánh giá,"325,46 US$",
1101,1101,"""While you Were Out"" Message Book, One Form per Page","Xếp hạng: 4,7",142 đánh giá,"10,34 US$",
1103,1103,O'Sullivan Manor Hill 2-Door Library in Brianna Oak,,,,
1104,1104,Nu-Dell Float Frame 11 x 14 1/2,"Xếp hạng: 4,4",1.248 đánh giá,"18,99 US$",
1109,1109,Fellowes Advanced 8 Outlet Surge Suppressor with Phone/Fax Protection,Xếp hạng: 5,3 đánh giá,"23,80 US$",
1113,1113,"TRENDnet 56K USB 2.0 Phone, Internet and Fax Modem",,,,
1115,1115,Easy-staple paper,,3.253 đánh giá,"17,72 US$",Easy-staple paper.png
1116,1116,Hon 2111 Invitation Series Straight Table,,,,
1124,1124,"Acco Data Flex Cable Posts For Top & Bottom Load Binders, 6"" Capacity","Xếp hạng: 3,8",32 đánh giá,"12,99 US$",
1131,1131,Office Star - Professional Matrix Back Chair with 2-to-1 Synchro Tilt and Mesh Fabric Seat,,531 đánh giá,"234,32 US$",Office Star - Professional Matrix Back Chair with 2-to-1 Synchro Tilt and Mesh Fabric Seat.png
1134,1134,"Ink Jet Note and Greeting Cards, 8-1/2"" x 5-1/2"" Card Size","Xếp hạng: 4,5",33 đánh giá,"15,20 US$",
1145,1145,Xerox 206,,7 đánh giá,"17,76 US$",Xerox 206.png
1146,1146,"Seth Thomas 14"" Day/Date Wall Clock",Xếp hạng: 5,1 đánh giá,"49,99 US$",
1148,1148,Apple iPhone 5,,,,
1152,1152,Honeywell Quietcare HEPA Air Cleaner,,,,
1154,1154,"Dana Fluorescent Magnifying Lamp, White, 36""","Xếp hạng: 4,4",33 đánh giá,"79,69 US$",
1159,1159,Staples in misc. colors,,615 đánh giá,"4,99 US$",Staples in misc. colors.png
1160,1160,"Wilson Jones Elliptical Ring 3 1/2"" Capacity Binders, 800 sheets",Xếp hạng: 4,84 đánh giá,"6,67 US$",
1163,1163,"Executive Impressions 8-1/2"" Career Panel/Partition Cubicle Clock","Xếp hạng: 4,7",5 đánh giá,"217,31 US$",
1168,1168,"Hon 30"" x 60"" Table with Locking Drawer",Xếp hạng: 1,1 đánh giá,"938,50 US$",
1174,1174,"IBM Multi-Purpose Copy Paper, 8 1/2 x 11"", Case",,17 đánh giá,"43,04 US$",
1176,1176,GBC DocuBind TL300 Electric Binding System,,36 đánh giá,"15.990,00 ₹",GBC DocuBind TL300 Electric Binding System.png
1178,1178,GBC DocuBind 200 Manual Binding Machine,,239 đánh giá,"310,91 US$",GBC DocuBind 200 Manual Binding Machine.png
1179,1179,"SKILCRAFT Telephone Shoulder Rest, 2"" x 6.5"" x 2.5"", Black","Xếp hạng: 4,4",407 đánh giá,"13,99 US$",
1180,1180,Global Comet Stacking Armless Chair,,,,
1183,1183,"DAX Charcoal/Nickel-Tone Document Frame, 5 x 7","Xếp hạng: 4,7",24.456 đánh giá,"13,49 US$",
1188,1188,GBC DocuBind TL200 Manual Binding Machine,,,,
1189,1189,Global Commerce Series Low-Back Swivel/Tilt Chairs,,31 đánh giá,"289,99 US$",
1197,1197,GBC Twin Loop Wire Binding Elements,,,,
1198,1198,"Perma STOR-ALL Hanging File Box, 13 1/8""W x 12 1/4""D x 10 1/2""H",Còn hàng,43 đánh giá,"29,99 US$",
1202,1202,Imation Clip USB flash drive - 8 GB,,,,
1205,1205,"Acme Hot Forged Carbon Steel Scissors with Nickel-Plated Handles, 3 7/8"" Cut, 8""L","Xếp hạng: 4,5",195 đánh giá,"20,07 US$",
1214,1214,"#10- 4 1/8"" x 9 1/2"" Recycled Envelopes","Xếp hạng: 4,7",261 đánh giá,"13,99 US$",
1220,1220,Eldon ProFile File 'N Store Portable File Tub Letter/Legal Size Black,"Xếp hạng: 4,2",4.126 đánh giá,"39,47 US$",
1225,1225,Novimex Fabric Task Chair,,12 đánh giá,"62,99 US$",Novimex Fabric Task Chair.png
1229,1229,"Letter/Legal File Tote with Clear Snap-On Lid, Black Granite",Xếp hạng: 5,1 đánh giá,"45,48 US$",
1230,1230,"Avery Framed View Binder, EZD Ring (Locking), Navy, 1 1/2""","Xếp hạng: 4,4",217 đánh giá,"15,67 US$",
1231,1231,Xerox 1952,,4 đánh giá,"25,01 US$",Xerox 1952.png
1232,1232,"Fellowes Twister Kit, Gray/Clear, 3/pkg","Xếp hạng: 4,6",1.039 đánh giá,"66,22 CA$",
1241,1241,Newell 349,,,,
1242,1242,GBC DocuBind P50 Personal Binding Machine,,698 đánh giá,"107,70 US$",GBC DocuBind P50 Personal Binding Machine.png
1250,1250,"Belkin SportFit Armband For iPhone 5s/5c, Fuchsia","Xếp hạng: 3,8",22 đánh giá,"16,11 US$",
1252,1252,Acco 6 Outlet Guardian Basic Surge Suppressor,,6.414 đánh giá,"19,99 US$",Acco 6 Outlet Guardian Basic Surge Suppressor.png
1253,1253,"Sanford Colorific Scented Colored Pencils, 12/Pack",Xếp hạng: 5,10 đánh giá,"8,50 US$",
1254,1254,"Message Book, Phone, Wirebound Standard Line Memo, 2 3/4"" X 5""",Xếp hạng: 5,1 đánh giá,"16,66 US$",
1255,1255,Motorla HX550 Universal Bluetooth Headset,,,,
1258,1258,"Chromcraft Bull-Nose Wood 48"" x 96"" Rectangular Conference Tables",Xếp hạng: 1,1 đánh giá,"144,28 US$",
1268,1268,"Howard Miller 16"" Diameter Gallery Wall Clock",Xếp hạng: 4,13 đánh giá,"49,00 US$",
1272,1272,"Metal Folding Chairs, Beige, 4/Carton",Xếp hạng: 5,3 đánh giá,"85,12 US$",
1281,1281,Eldon Cleatmat Chair Mats for Medium Pile Carpets,,787 đánh giá,"141,57 US$",Eldon Cleatmat Chair Mats for Medium Pile Carpets.png
1285,1285,Wi-Ex zBoost YX540 Cellular Phone Signal Booster,,1.989 đánh giá,"9,99 US$",Wi-Ex zBoost YX540 Cellular Phone Signal Booster.png
1286,1286,"Wirebound Message Books, Four 2 3/4"" x 5"" Forms per Page, 600 Sets per Book","Xếp hạng: 4,2",36 đánh giá,"175,00 AED",
1291,1291,Fellowes Bases and Tops For Staxonsteel/High-Stak Systems,"Xếp hạng: 4,5",2 đánh giá,"36,99 US$",
1293,1293,Canon PC1060 Personal Laser Copier,,,,
1297,1297,Bionaire 99.97% HEPA Air Cleaner,,63 đánh giá,"107,98 US$",Bionaire 99.97% HEPA Air Cleaner.png
1301,1301,Logitech G35 7.1-Channel Surround Sound Headset,,,,
1305,1305,"REDIFORM Incoming/Outgoing Call Register, 11"" X 8 1/2"", 100 Messages","Xếp hạng: 4,7",120 đánh giá,"15,94 US$",
1306,1306,Tripp Lite Isotel 6 Outlet Surge Protector with Fax/Modem Protection,"Xếp hạng: 4,8",6.851 đánh giá,"115,67 US$",
1310,1310,Insertable Tab Indexes For Data Binders,,2.588 đánh giá,"47,98 US$",Insertable Tab Indexes For Data Binders.png
1311,1311,Satellite Sectional Post Binders,,,,
1314,1314,Xerox 1926,,357 đánh giá,"777,30 US$",Xerox 1926.png
1319,1319,"Rubbermaid ClusterMat Chairmats, Mat Size- 66"" x 60"", Lip 20"" x 11"" -90 Degree Angle",,,,
1325,1325,Staples in misc. colors,,615 đánh giá,"4,99 US$",Staples in misc. colors.png
1333,1333,O'Sullivan Plantations 2-Door Library in Landvery Oak,,,,
1335,1335,Panasonic KX MB2061 Multifunction Printer,,,,
1346,1346,"Black Print Carbonless Snap-Off Rapid Letter, 8 1/2"" x 7""",Còn hàng,30 đánh giá,"13,60 US$",
1347,1347,Xerox 23,,,,
1349,1349,Global Deluxe High-Back Office Chair in Storm,,120 đánh giá,"120,99 US$",Global Deluxe High-Back Office Chair in Storm.png
1358,1358,"#10 White Business Envelopes,4 1/8 x 9 1/2","Xếp hạng: 4,6",11 đánh giá,"23,99 US$",
1365,1365,Maxell 4.7GB DVD-RW 3/Pack,"Xếp hạng: 4,2",24 đánh giá,"19,99 US$",
1372,1372,Contemporary Wood/Metal Frame,"Xếp hạng: 4,2",3.740 đánh giá,"93,92 US$",
1374,1374,KeyTronic KT800P2 - Keyboard - Black,,,,
1380,1380,"Executive Impressions 14""",Xếp hạng: 5,1 đánh giá,"10,99 £",
1381,1381,"Executive Impressions 12"" Wall Clock","Xếp hạng: 4,3",676 đánh giá,"20,79 US$",
1382,1382,Bretford CR8500 Series Meeting Room Furniture,,,,
1398,1398,"Global Adaptabilites Bookcase, Cherry/Storm Gray Finish",Sản phẩm,3 đánh giá,"589,89 US$",
1399,1399,"GBC Pre-Punched Binding Paper, Plastic, White, 8-1/2"" x 11""","Xếp hạng: 4,3",120 đánh giá,"27,11 US$",
1400,1400,Google Nexus 5,,256 đánh giá,"89,99 US$",Google Nexus 5.png
1405,1405,"Ativa D5772 2-Line 5.8GHz Digital Expandable Corded/Cordless Phone System with Answering & Caller ID/Call Waiting, Black/Silver",,,,
1407,1407,"Adams ""While You Were Out"" Message Pads","Xếp hạng: 4,7",280 đánh giá,"11,59 US$",
1408,1408,"Wirebound Four 2-3/4 x 5 Forms per Page, 400 Sets per Book","Xếp hạng: 4,6",102 đánh giá,"9,61 US$",
1415,1415,Xerox 1885,,3 đánh giá,"25,71 US$",Xerox 1885.png
1416,1416,"Computer Room Manger, 14""","Xếp hạng: 3,5",766 đánh giá,"179,00 US$",
1425,1425,Maxell 4.7GB DVD-R 5/Pack,"Xếp hạng: 2,6",5 đánh giá,"7,37 US$",
1430,1430,Maxell 4.7GB DVD+R 5/Pack,"Xếp hạng: 2,6",5 đánh giá,"7,37 US$",
1435,1435,"Advantus Employee of the Month Certificate Frame, 11 x 13-1/2","Xếp hạng: 4,7",4.300 đánh giá,"18,99 US$",
1436,1436,Xerox 1954,,357 đánh giá,"777,30 US$",Xerox 1954.png
1440,1440,Xerox 201,Xếp hạng: 5,5 đánh giá,"39,99 US$",
1446,1446,"Wirebound Message Books, Four 2 3/4 x 5 Forms per Page, 200 Sets per Book","Xếp hạng: 4,4",62 đánh giá,"13,56 US$",
1448,1448,"Eldon 200 Class Desk Accessories, Smoke",,,,
1450,1450,Xerox 1971,,,,
1453,1453,"Eberhard Faber 3 1/2"" Golf Pencils","Xếp hạng: 4,7",896 đánh giá,"18,99 US$",
1454,1454,"Tenex Carpeted, Granite-Look or Clear Contemporary Contour Shape Chair Mats",,1.112 đánh giá,"61,48 US$","Tenex Carpeted, Granite-Look or Clear Contemporary Contour Shape Chair Mats.png"
1456,1456,"Executive Impressions 13-1/2"" Indoor/Outdoor Wall Clock",Xếp hạng: 3,1 đánh giá,"29,62 US$",
1460,1460,"Tenex V2T-RE Standard Weight Series Chair Mat, 45"" x 53"", Lip 25"" x 12""","Xếp hạng: 3,2",34 đánh giá,"61,14 US$",
1461,1461,Samsung Galaxy Mega 6.3,,,,
1462,1462,"DAX Two-Tone Rosewood/Black Document Frame, Desktop, 5 x 7","Xếp hạng: 4,1",475 đánh giá,"22,67 US$",
1464,1464,"Safco Chair Connectors, 6/Carton","Xếp hạng: 4,3",18 đánh giá,"85,53 US$",
1470,1470,Kensington 7 Outlet MasterPiece Power Center with Fax/Phone Line Protection,"Xếp hạng: 4,8",6.416 đánh giá,"13,99 US$",
1472,1472,"SlimView Poly Binder, 3/8""",,3.033 đánh giá,"6,64 US$",
1479,1479,Anderson Hickey Conga Table Tops & Accessories,,,,
1480,1480,Apple EarPods with Remote and Mic,,106 đánh giá,"21,97 US$",Apple EarPods with Remote and Mic.png
1484,1484,Eldon Econocleat Chair Mats for Low Pile Carpets,,389 đánh giá,"8,49 US$",Eldon Econocleat Chair Mats for Low Pile Carpets.png
1492,1492,"Seth Thomas 8 1/2"" Cubicle Clock","Xếp hạng: 3,6",5 đánh giá,"25,01 US$",
1494,1494,G.E. Longer-Life Indoor Recessed Floodlight Bulbs,,12 đánh giá,"12,99 US$",G.E. Longer-Life Indoor Recessed Floodlight Bulbs.png
1498,1498,Ibico Ibimaster 300 Manual Binding System,,,,
1507,1507,"BlueLounge Milo Smartphone Stand, White/Metallic",Xếp hạng: 4,35 đánh giá,"30,00 £",
1511,1511,Stiletto Hand Letter Openers,,,,
1513,1513,Samsung HM1900 Bluetooth Headset,,,,
1519,1519,Memorex Mini Travel Drive 64 GB USB 2.0 Flash Drive,,,,
1526,1526,"Acco Flexible ACCOHIDE Square Ring Data Binder, Dark Blue, 11 1/2"" X 14"" 7/8""","Xếp hạng: 3,6",62 đánh giá,"11,98 US$",
1528,1528,"Rush Hierlooms Collection 1"" Thick Stackable Bookcases",,,,
1529,1529,"Barricks 18"" x 48"" Non-Folding Utility Table with Bottom Storage Shelf","Xếp hạng: 4,3",105 đánh giá,"251,68 US$",
1530,1530,"Executive Impressions 10"" Spectator Wall Clock","Xếp hạng: 4,5",4.205 đánh giá,"16,97 US$",
1536,1536,"Message Book, Wirebound, Four 5 1/2"" X 4"" Forms/Pg., 200 Dupl. Sets/Book","Xếp hạng: 4,4",62 đánh giá,"13,56 US$",
1537,1537,"Tenex Traditional Chairmats for Hard Floors, Average Lip, 36"" x 48""",Xếp hạng: 5,1 đánh giá,"66,48 US$",
1539,1539,"Binney & Smith inkTank Desk Highlighter, Chisel Tip, Yellow, 12/Box",Còn hàng,4.627 đánh giá,"6,31 US$",
1540,1540,"Speediset Carbonless Redi-Letter 7"" x 8 1/2""",Xếp hạng: 5,2 đánh giá,"28,13 US$",
1552,1552,"Telephone Message Books with Fax/Mobile Section, 4 1/4"" x 6""",Còn hàng,255 đánh giá,"9,45 US$",
1556,1556,Rosewill 107 Normal Keys USB Wired Standard Keyboard,,,,
1557,1557,PayAnywhere Card Reader,,,,
1561,1561,"Premium Transparent Presentation Covers, No Pattern/Clear, 8 1/2"" x 11""","Xếp hạng: 4,5",35 đánh giá,"31,99 US$",
1563,1563,"Maxell Pro 80 Minute CD-R, 10/Pack","Xếp hạng: 4,6",5.731 đánh giá,"13,40 US$",
1564,1564,Imation Swivel Flash Drive USB flash drive - 8 GB,,,,
1566,1566,"Elite 5"" Scissors","Xếp hạng: 4,6",493 đánh giá,"11,72 US$",
1570,1570,"Avery 05222 Permanent Self-Adhesive File Folder Labels for Typewriters, on Rolls, White, 250/Roll","Xếp hạng: 4,6",2.765 đánh giá,"12,77 US$",
1571,1571,Prismacolor Color Pencil Set,,24.262 đánh giá,"137,41 US$",Prismacolor Color Pencil Set.png
1572,1572,Sharp 1540cs Digital Laser Copier,,,,
1575,1575,"Verbatim Slim CD and DVD Storage Cases, 50/Pack","Xếp hạng: 4,6",8.649 đánh giá,"14,98 US$",
1576,1576,Letter Slitter,,2.701 đánh giá,"6,95 US$",Letter Slitter.png
1579,1579,"Acco Banker's Clasps, 5 3/4""-Long","Xếp hạng: 4,4",130 đánh giá,"76,65 CA$",
1591,1591,Ibico EB-19 Dual Function Manual Binding System,,,,
1592,1592,"Eldon 300 Class Desk Accessories, Black",,,,
1597,1597,"Eldon ""L"" Workstation Diamond Chairmat","Xếp hạng: 4,1",614 đánh giá,"130,49 US$",
1599,1599,"Maxell 74 Minute CDR, 10/Pack",Xếp hạng: 3,3 đánh giá,"15,28 US$",
1601,1601,"Bush Heritage Pine Collection 5-Shelf Bookcase, Albany Pine Finish, *Special Order","Xếp hạng: 4,4",57 đánh giá,"431,92 US$",
1603,1603,Riverleaf Stik-Withit Designer Note Cubes,,,,
1610,1610,Xerox 1928,,82 đánh giá,"699,00 US$",Xerox 1928.png
1613,1613,"Ultra Door Kickplate, 8""H x 34""W","Xếp hạng: 4,5",52 đánh giá,"34,06 US$",
1616,1616,Canon PC170 Desktop Personal Copier,,,,
1617,1617,"Memorex 25GB 6X Branded Blu-Ray Recordable Disc, 15/Pack","Xếp hạng: 4,5",78 đánh giá,"39,99 US$",
1618,1618,"Howard Miller 11-1/2"" Diameter Brentwood Wall Clock","Xếp hạng: 4,5",131 đánh giá,"92,99 US$",
1620,1620,Jackery Bar Premium Fast-charging Portable Charger,,327 đánh giá,"9,99 US$",Jackery Bar Premium Fast-charging Portable Charger.png
1621,1621,"Permanent Self-Adhesive File Folder Labels for Typewriters, 1 1/8 x 3 1/2, White","Xếp hạng: 4,8",2.622 đánh giá,"5,14 US$",
1625,1625,Ibico EPK-21 Electric Binding System,,,,
1628,1628,Kingston Digital DataTraveler 8GB USB 2.0,,,,
1629,1629,"HP Designjet T520 Inkjet Large Format Printer - 24"" Color","Xếp hạng: 4,2",81 đánh giá,"1.999,00 US$",
1631,1631,Global Enterprise Series Seating High-Back Swivel/Tilt Chairs,Còn hàng,1 đánh giá,"298,95 US$",
1636,1636,"Green Canvas Binder for 8-1/2"" x 14"" Sheets",Xếp hạng: 5,1 đánh giá,"44,44 US$",
1640,1640,Howard Miller 12-3/4 Diameter Accuwave DS  Wall Clock,"Xếp hạng: 4,4",39 đánh giá,"92,99 US$",
1641,1641,Xerox 1975,,82 đánh giá,"699,00 US$",Xerox 1975.png
1645,1645,"Mead 1st Gear 2"" Zipper Binder, Asst. Colors","Xếp hạng: 4,5",80 đánh giá,"39,46 US$",
1651,1651,Memorex Micro Travel Drive 4 GB,,,,
1652,1652,#6 3/4 Gummed Flap White Envelopes,"Xếp hạng: 4,6",158 đánh giá,"21,43 US$",
1653,1653,DAX Two-Tone Silver Metal Document Frame,,,,
1657,1657,O'Sullivan Cherrywood Estates Traditional Barrister Bookcase,,11.023 đánh giá,"153,60 US$",O'Sullivan Cherrywood Estates Traditional Barrister Bookcase.png
1660,1660,Global Adaptabilities Conference Tables,,,,
1664,1664,"Inter-Office Recycled Envelopes, Brown Kraft, Button-String,10"" x 13"" , 100/Box",Còn hàng,10 đánh giá,"30,57 US$",
1670,1670,Seidio BD2-HK3IPH5-BK DILEX Case and Holster Combo for Apple iPhone 5/5s - Black,"Xếp hạng: 4,1",16 đánh giá,"9,99 US$",
1671,1671,"TOPS ""Important Message"" Pads, Canary, 4-1/4 x 5-1/2, 50 Sheets per Pad",Còn hàng,63 đánh giá,"14,89 US$",
1683,1683,"Hoover Replacement Belts For Soft Guard & Commercial Ltweight Upright Vacs, 2/Pk","Xếp hạng: 4,1",12 đánh giá,"7,86 US$",
1685,1685,"DAX Cubicle Frames, 8-1/2 x 11",Sản phẩm,61 đánh giá,"11,09 US$",
1686,1686,Sauder Camden County Collection Library,,,,
1691,1691,Imation 30456 USB Flash Drive 8GB,,,,
1694,1694,SanDisk Cruzer 4 GB USB Flash Drive,,,,
1696,1696,14-7/8 x 11 Blue Bar Computer Printout Paper,Còn hàng,4 đánh giá,"132,47 US$",
1697,1697,"Tyvek Interoffice Envelopes, 9 1/2"" x 12 1/2"", 100/Box","Xếp hạng: 4,8",929 đánh giá,"71,01 US$",
1699,1699,"Avery Triangle Shaped Sheet Lifters, Black, 2/Pack","Xếp hạng: 4,8",12 đánh giá,"7,75 US$",
1702,1702,"DAX Contemporary Wood Frame with Silver Metal Mat, Desktop, 11 x 14 Size",,,,
1708,1708,Hon Every-Day Chair Series Swivel Task Chairs,,29 đánh giá,"204,89 US$",Hon Every-Day Chair Series Swivel Task Chairs.png
1733,1733,Xerox 1906,,48 đánh giá,"15,99 US$",Xerox 1906.png
1739,1739,"Sanyo Counter Height Refrigerator with Crisper, 3.6 Cubic Foot, Stainless Steel/Black","Xếp hạng: 3,5",27 đánh giá,"290,99 US$",
1746,1746,"SAFCO PlanMaster Boards, 60w x 37-1/2d, White Melamine",,,,
1749,1749,"Black Print Carbonless 8 1/2"" x 8 1/4"" Rapid Memo Book",Xếp hạng: 5,2 đánh giá,"23,58 US$",
1750,1750,Lunatik TT5L-002 Taktik Strike Impact Protection System for iPhone 5,,,,
1755,1755,"Belkin 19"" Center-Weighted Shelf, Gray","Xếp hạng: 4,2",59 đánh giá,"73,84 US$",
1756,1756,Hon Comfortask Task/Swivel Chairs,"Xếp hạng: 4,3",12 đánh giá,"249,99 US$",
1757,1757,"Career Cubicle Clock, 8 1/4"", Black","Xếp hạng: 4,6",3.071 đánh giá,"38,99 US$",
1766,1766,Xerox 1914,,357 đánh giá,"777,30 US$",Xerox 1914.png
1773,1773,Xiaomi Mi3,,,,
1776,1776,Xerox 193,,2 đánh giá,"15,29 US$",Xerox 193.png
1781,1781,Contemporary Borderless Frame,,37 đánh giá,"39,99 US$",Contemporary Borderless Frame.png
1784,1784,"Acco Recycled 2"" Capacity Laser Printer Hanging Data Binders",Xếp hạng: 4,46 đánh giá,"23,19 US$",
1791,1791,Konica Minolta magicolor 1690MF Multifunction Printer,,,,
1792,1792,"Linden 12"" Wall Clock With Oak Frame",Xem tất cả,73 đánh giá,"29,99 US$",
1795,1795,"Wirebound Message Forms, Four 2 3/4 x 5 Forms per Page, Pink Paper","Xếp hạng: 4,6",102 đánh giá,"9,61 US$",
1807,1807,Motorola L703CM,,118 đánh giá,"109,99 US$",Motorola L703CM.png
1810,1810,Xerox 1976,,,,
1812,1812,"Black Avery Memo-Size 3-Ring Binder, 5 1/2"" x 8 1/2""","Xếp hạng: 4,7",5.086 đánh giá,"7,75 US$",
1814,1814,"Tenex Chairmat w/ Average Lip, 45"" x 53""","Xếp hạng: 4,2",27 đánh giá,"118,33 US$",
1819,1819,Space Solutions Industrial Galvanized Steel Shelving.,,197 đánh giá,"75,99 US$",Space Solutions Industrial Galvanized Steel Shelving..png
1822,1822,Zebra GK420t Direct Thermal/Thermal Transfer Printer,"Xếp hạng: 4,4",90 đánh giá,"297,85 US$",
1823,1823,"Tensor ""Hersey Kiss"" Styled Floor Lamp",,,,
1824,1824,Memorex Mini Travel Drive 32 GB USB 2.0 Flash Drive,,,,
1825,1825,Hoover Commercial SteamVac,,11 đánh giá,"39,00 US$",Hoover Commercial SteamVac.png
1828,1828,Xerox 1899,,,,
1831,1831,"Executive Impressions 16-1/2"" Circular Wall Clock","Xếp hạng: 4,4",372 đánh giá,"29,99 US$",
1832,1832,Okidata MB760 Printer,,,,
1834,1834,"Executive Impressions 14"" Contract Wall Clock with Quartz Movement",Còn hàng,23 đánh giá,"38,27 US$",
1839,1839,"Acme Design Line 8"" Stainless Steel Bent Scissors w/Champagne Handles, 3-1/8"" Cut",Sản phẩm,1 đánh giá,"15,99 US$",
1843,1843,"1/4 Fold Party Design Invitations & White Envelopes, 24 8-1/2"" X 11"" Cards, 25 Env./Pack","Xếp hạng: 4,7",4.151 đánh giá,"6,98 US$",
1844,1844,Hewlett-Packard Deskjet F4180 All-in-One Color Ink-jet - Printer / copier / scanner,"Xếp hạng: 3,6",159 đánh giá,"152,52 US$",
1851,1851,Global Enterprise Series Seating Low-Back Swivel/Tilt Chairs,"Xếp hạng: 4,5",20.031 đánh giá,"53,78 US$",
1856,1856,Sony 8GB Class 10 Micro SDHC R40 Memory Card,,,,
